id,test1,test2
1,value1,value101
2,value2,value102
3,value3,value103
4,value4,value104
5,value5,value105
6,value6,value106
7,value7,value107
8,value8,value108
9,value9,value109
10,value10,value110
11,value11,value111
12,value12,value112
13,value13,value113
14,value14,value114
15,value15,value115
16,value16,value116
17,value17,value117
18,value18,value118
19,value19,value119
20,value20,value120
21,value21,value121
22,value22,value122
23,value23,value123
24,value24,value124
25,value25,value125
26,value26,value126
27,value27,value127
28,value28,value128
29,value29,value129
30,value30,value130
31,value31,value131
32,value32,value132
33,value33,value133
34,value34,value134
35,value35,value135
36,value36,value136
37,value37,value137
38,value38,value138
39,value39,value139
40,value40,value140
41,value41,value141
42,value42,value142
43,value43,value143
44,value44,value144
45,value45,value145
46,value46,value146
47,value47,value147
48,value48,value148
49,value49,value149
50,value50,value150
51,value51,value151
52,value52,value152
53,value53,value153
54,value54,value154
55,value55,value155
56,value56,value156
57,value57,value157
58,value58,value158
59,value59,value159
60,value60,value160
61,value61,value161
62,value62,value162
63,value63,value163
64,value64,value164
65,value65,value165
66,value66,value166
67,value67,value167
68,value68,value168
69,value69,value169
70,value70,value170
71,value71,value171
72,value72,value172
73,value73,value173
74,value74,value174
75,value75,value175
76,value76,value176
77,value77,value177
78,value78,value178
79,value79,value179
80,value80,value180
81,value81,value181
82,value82,value182
83,value83,value183
84,value84,value184
85,value85,value185
86,value86,value186
87,value87,value187
88,value88,value188
89,value89,value189
90,value90,value190
91,value91,value191
92,value92,value192
93,value93,value193
94,value94,value194
95,value95,value195
96,value96,value196
97,value97,value197
98,value98,value198
99,value99,value199
100,value100,value200